YEAR,ID,Season,Gender,14:0 (Myristic),16:0 (Palmitic),16:1 (Palmitoleic),18:0 (Stearic),18:1 (Oleic),18:2 w 6 (Linoleic),18:3 w 3 (α-Linolenic),20:0 (Arachidic),20:3 w 9 (Mead),20:3 w+U17:U27 6 (Dihomo-γ-linolenic),20:4 w 6 (Arachidonic),20:5 w 3 (EPA),22:0 (Behenic),22:5 w 3 (DPA),22:6 w 3 (DHA),24:0 (Lignoceric),24:1 w 9 (Nervonic),18:1 / 18:2,20:3 w 9 / 20:4 w 6,LA/ALA,AA/LA,AA/DHA,AA/EPA,DHA/DPA,DPA/EPA,DHA/EPA,n3,n6,n6_n3,LCn3,Kv LC,ALA KVOT,SCD16,SCD18,FADS1,FADS2,Elovl 2,Elovl 5,EPA_DPA_DHA,DHA+DPA/EPA,EDD/ALA,Σ SFA,Σ MUFA,Σ W6,Σ W3,Omega 3 index,EDD index,Vi Weight (kg)
2013,W1104,Summer,F,"0,2","17,2","0,4","21,8","16,4","12,1","1,5","1,9","0,6",1,17,"1,3","1,4","1,5","1,6","1,3","2,9","1,36","0,04","8,07","1,40","10,63","13,08","1,07","1,15","1,23","5,9","29,7","5,03","4,4","2,38","2,93","0,023","0,752","28,333","0,132","1,154","0,87","1,75","2,38","2,93","43,8","19,7","30,1","5,9","2,9","4,4",57
2013,W1105,Summer,F,"0,2","15,7","0,3","22,9","16,1","9,8","1,2","1,9","0,6",1,"20,8","1,3","1,4",2,"1,1","1,3","2,4","1,64","0,03","8,17","2,12","18,91","16,00","0,55","1,54","0,85","5,6","31,2","5,57","4,4","2,38","3,67","0,019","0,703","34,667","0,112","1,538","1,08","3,00","2,38","3,67","43,4","18,8","31,6","5,6","2,4","4,4",60
2013,W1110,Summer,F,"0,2","14,9","0,4","22,2","14,2",11,"0,6","1,2","1,3","1,3","22,7",2,"1,1",2,1,"1,3","2,6","1,29","0,06","18,33","2,06","22,70","11,35","0,50","1,00","0,50","5,6",35,"6,25",5,"1,50","8,33","0,027","0,640","17,462","0,091","1,000","3,33","4,00","1,50","8,33","40,9","17,2",35,"5,6",3,5,58
2013,W1202,Summer,F,"0,2","15,7","0,4",23,"17,3","12,2","0,7","1,9","1,2","1,5","14,7","2,2","1,5","1,4","1,2","1,5","3,2","1,42","0,08","17,43","1,20","12,25","6,68","0,86","0,64","0,55","5,5","28,1","5,11","4,8","1,18","6,86","0,025","0,752","12,250","0,098","0,636","3,14","3,00","1,18","6,86","43,8","20,9","28,4","5,5","3,4","4,8",48
2013,W1204,Summer,M,"0,1","16,3","0,5","22,7","21,2","11,9","0,9","1,9",1,"1,1","12,1","2,4","1,5",2,"0,5","1,3","2,7","1,78","0,08","13,22","1,02","24,20","5,04","0,25","0,83","0,21","5,8",25,"4,31","4,9","1,04","5,44","0,031","0,934","12,100","0,042","0,833","2,67","8,80","1,04","5,44","43,8","24,4","25,1","5,8","2,9","4,9",38
2013,W1207,Summer,M,"0,2","16,6","0,4","22,2","17,5","10,8","1,1","2,3","0,8",1,"15,3","2,4","1,8","1,6","1,2","1,6","3,3","1,62","0,05","9,82","1,42","12,75","6,38","0,75","0,67","0,50","6,3","26,9","4,27","5,2","1,17","4,73","0,024","0,788","19,125","0,111","0,667","2,18","3,33","1,17","4,73","44,7","21,2","27,1","6,3","3,6","5,2","64,5"
2013,W1209,Summer,F,"0,2","13,2","0,4","24,8","17,4","11,7","1,3","1,8","0,5",1,"15,6","3,8","1,3","2,7",1,"1,2","2,1","1,49","0,03","9,00","1,33","15,60","4,11","0,37","0,71","0,26","8,8","27,8","3,16","7,5","0,97","5,77","0,030","0,702","31,200","0,085","0,711","2,92","6,50","0,97","5,77","42,5","19,9","28,3","8,8","4,8","7,5",
2014,W1303,Summer,F,"0,2","14,3","0,6","22,2","21,6","12,3","1,5","1,9","0,5","0,7","14,1","3,9","1,6","1,4","0,4",1,"1,9","1,76","0,04","8,20","1,15","35,25","3,62","0,29","0,36","0,10","7,2","26,9","3,74","5,7","0,46","3,80","0,042","0,973","28,200","0,033","0,359","2,60","13,25","0,46","3,80","41,2","24,1","27,1","7,2","4,3","5,7",43
2014,W1305,Summer,F,"0,2","14,3","0,8","22,3",20,"12,5","1,3","1,7","0,7",1,"15,4",3,"1,4","1,6","0,7",1,"2,2","1,60","0,05","9,62","1,23","22,00","5,13","0,44","0,53","0,23","6,6","28,6","4,33","5,3","0,77","4,08","0,056","0,897","22,000","0,056","0,533","2,31","6,57","0,77","4,08","40,9",23,"28,9","6,6","3,7","5,3",68
2014,W1316,Summer,M,"0,2","14,5","0,3","23,9","21,9","12,6","0,8","1,8","0,7",1,"13,5","3,3","1,5","1,1","0,4","1,1","1,7","1,74","0,05","15,75","1,07","33,75","4,09","0,36","0,33","0,12","5,6","26,8","4,79","4,8","0,45","6,00","0,021","0,916","19,286","0,032","0,333","4,12","11,00","0,45","6,00",43,"23,9","27,1","5,6","3,7","4,8",42
2014,W1317,Summer,M,"0,2","15,2","0,5","22,7","21,9","11,6",1,"2,2","0,5","0,9","13,8","3,3","1,6","1,1","0,4",1,"2,2","1,89","0,04","11,60","1,19","34,50","4,18","0,36","0,33","0,12","5,8","25,9","4,47","4,8","0,45","4,80","0,033","0,965","27,600","0,034","0,333","3,30","11,00","0,45","4,80","42,9","24,6","26,3","5,8","3,7","4,8",40
2013,W1104,Winter,F,"0,1",20,"0,3","23,2","10,8","12,3","0,2","1,3","0,9","2,2","10,4","0,8","1,6","1,3","9,4","0,9","4,3","0,88","0,09","61,50","0,85","1,11","13,00","7,23","1,63","11,75","11,7","23,6","2,02","11,5","13,38","57,50","0,015","0,466","11,556","0,764","1,625","4,00","0,22","13,38","57,50","47,1","15,4","24,9","11,7","10,2","11,5",52
2013,W1105,Winter,F,"0,1","20,6","0,4","23,4","12,1","12,9","0,2","1,4","1,4","2,1","11,4","0,4","1,8","3,1","3,6",1,4,"0,94","0,12","64,50","0,88","3,17","28,50","1,16","7,75","9,00","7,3","25,7","3,52","7,1","16,75","35,50","0,019","0,517","8,143","0,279","7,750","2,00","0,97","16,75","35,50","48,3","16,5","26,4","7,3",4,"7,1",55
2013,W1110,Winter,F,"0,1","20,9","0,4","22,4","15,5","11,3","0,4","1,7",1,"1,2","12,1","0,4",2,"3,4","1,6","0,9","4,6","1,37","0,08","28,25","1,07","7,56","30,25","0,47","8,50","4,00","5,8","24,4","4,21","5,4","12,50","13,50","0,019","0,692","12,100","0,142","8,500","1,00","2,37","12,50","13,50",48,"20,5","24,6","5,8",2,"5,4",53
2013,W1202,Winter,F,"0,1","19,8","0,7","23,6","15,6","13,3","0,3","1,2","2,2","2,1","10,4","0,4","1,6","2,4","1,3","0,8","4,2","1,17","0,21","44,33","0,78","8,00","26,00","0,54","6,00","3,25","4,4","25,9","5,89","4,1","9,25","13,67","0,035","0,661","4,727","0,098","6,000","1,33","2,15","9,25","13,67","47,1","20,5","25,8","4,4","1,7","4,1",48
2013,W1204,Winter,M,"0,1",20,"0,7","22,2","20,9","11,1","0,2","1,3","1,9",2,9,"0,3","1,3",3,"1,7","0,7","3,7","1,88","0,21","55,50","0,81","5,29","30,00","0,57","10,00","5,67","5,2",22,"4,23",5,"15,67","25,00","0,035","0,941","4,737","0,153","10,000","1,50","1,94","15,67","25,00","45,6","25,3","22,1","5,2",2,5,40
2013,W1207,Winter,M,"0,1","19,8","0,6","21,7","18,3","12,4","0,4","1,5","1,6","1,9","9,3","0,5","1,8","2,7","1,4",1,5,"1,48","0,17","31,00","0,75","6,64","18,60","0,52","5,40","2,80",5,"23,3","4,66","4,6","8,20","11,50","0,030","0,843","5,813","0,113","5,400","1,25","2,29","8,20","11,50","45,9","23,9","23,6",5,"1,9","4,6",54
2013,W1209,Winter,F,"0,2",20,"0,5","23,2","14,8",13,"0,3","1,6","1,2","1,9","10,8","0,3","1,9","3,1","2,6","0,9","3,8","1,14","0,11","43,33","0,83","4,15","36,00","0,84","10,33","8,67","6,3",25,"3,97",6,"19,00","20,00","0,025","0,638","9,000","0,200","10,333","1,00","1,31","19,00","20,00","47,8","19,1","25,7","6,3","2,9",6,42
2014,W1303,Winter,F,"0,1","19,9","0,8",23,21,"9,5","0,4","1,2",3,"1,7",8,"0,5","1,6","2,5","1,6","0,9","4,2","2,21","0,38","23,75","0,84","5,00","16,00","0,64","5,00","3,20",5,"20,5","4,10","4,6","8,20","11,50","0,040","0,913","2,667","0,168","5,000","1,25","1,88","8,20","11,50","46,7",26,"19,2",5,"2,1","4,6",36
2014,W1305,Winter,F,"0,1","18,7","0,8","23,5","21,8","10,4","0,3","0,9","2,5","2,6","7,7","0,6",1,"3,1","1,8","0,5","3,7","2,10","0,32","34,67","0,74","4,28","12,83","0,58","5,17","3,00","5,8","20,6","3,55","5,5","8,17","18,33","0,043","0,928","3,080","0,173","5,167","2,00","2,06","8,17","18,33","44,7","26,3","20,7","5,8","2,4","5,5",72
2014,W1316,Winter,M,"0,1","20,6","0,6",22,"18,6","10,5","0,3","1,4","2,4","1,4","8,7","0,4","1,6","2,6","1,8","1,1","5,9","1,77","0,28","35,00","0,83","4,83","21,75","0,69","6,50","4,50","5,1","21,6","4,24","4,8","11,00","16,00","0,029","0,845","3,625","0,171","6,500","1,33","1,67","11,00","16,00","46,8","25,1","20,6","5,1","2,2","4,8",28
2014,W1317,Winter,M,"0,1","20,2","0,9","21,3","22,6","11,1","0,5","1,1","2,3","1,8",7,"0,4","1,3","1,6","1,8",1,5,"2,04","0,33","22,20","0,63","3,89","17,50","1,13","4,00","4,50","4,3","20,4","4,74","3,8","8,50","7,60","0,045","1,061","3,043","0,162","4,000","0,80","1,11","8,50","7,60",45,"28,5","19,9","4,3","2,2","3,8",33
